Model,Accuracy
CatBoost,0.8383780051471973
RandomForest,0.8338773460548616
ExtraTrees,0.8316238779737619
XGBoost,0.8293892411022536
LogisticRegression,0.8193082669010107
